locus_id	why_included	source
ATXN1	SCA1; ataxia/parkinsonism differential	Illumina ExpansionHunter v5.0.0 variant_catalog/hg38/variant_catalog.json (verbatim)
ATXN2	SCA2; required PD/parkinsonism STR	Illumina ExpansionHunter v5.0.0 variant_catalog/hg38/variant_catalog.json (verbatim)
ATXN3	SCA3/MJD; required PD/parkinsonism STR	Illumina ExpansionHunter v5.0.0 variant_catalog/hg38/variant_catalog.json (verbatim)
CACNA1A	SCA6	Illumina ExpansionHunter v5.0.0 variant_catalog/hg38/variant_catalog.json (verbatim)
ATXN7	SCA7	Illumina ExpansionHunter v5.0.0 variant_catalog/hg38/variant_catalog.json (verbatim)
ATXN8OS	SCA8	Illumina ExpansionHunter v5.0.0 variant_catalog/hg38/variant_catalog.json (verbatim)
ATXN10	SCA10	Illumina ExpansionHunter v5.0.0 variant_catalog/hg38/variant_catalog.json (verbatim)
PPP2R2B	SCA12	Illumina ExpansionHunter v5.0.0 variant_catalog/hg38/variant_catalog.json (verbatim)
TBP	SCA17; required PD/parkinsonism STR	Illumina ExpansionHunter v5.0.0 variant_catalog/hg38/variant_catalog.json (verbatim)
FMR1	FXTAS; required	Illumina ExpansionHunter v5.0.0 variant_catalog/hg38/variant_catalog.json (verbatim)
C9ORF72	C9orf72 ALS/FTD/parkinsonism; required	Illumina ExpansionHunter v5.0.0 variant_catalog/hg38/variant_catalog.json (verbatim)
RFC1	CANVAS; ataxia/parkinsonism differential	Illumina ExpansionHunter v5.0.0 variant_catalog/hg38/variant_catalog.json (verbatim)
HTT	Huntington disease phenocopy	Illumina ExpansionHunter v5.0.0 variant_catalog/hg38/variant_catalog.json (verbatim)
AR	SBMA (Kennedy); motor/parkinsonism differential	Illumina ExpansionHunter v5.0.0 variant_catalog/hg38/variant_catalog.json (verbatim)
ATN1	DRPLA	Illumina ExpansionHunter v5.0.0 variant_catalog/hg38/variant_catalog.json (verbatim)
NOP56	SCA36	Illumina ExpansionHunter v5.0.0 variant_catalog/hg38/variant_catalog.json (verbatim)
JPH3	HDL2	Illumina ExpansionHunter v5.0.0 variant_catalog/hg38/variant_catalog.json (verbatim)
GIPC1	OPDM GGC locus present in the EH v5 catalog. NOTCH2NLC is not in that catalog and is not invented here.	Illumina ExpansionHunter v5.0.0 variant_catalog/hg38/variant_catalog.json (verbatim)
CSTB	EPM1 dodecamer; myoclonus differential	Illumina ExpansionHunter v5.0.0 variant_catalog/hg38/variant_catalog.json (verbatim)
